rank,pdr_k1.5,pdr_k2.0,pdr_k2.5,pdr_k3.0
1,99.999,99.999,99.999,99.999
2,98.697,99.917,99.997,99.997
3,97.413,99.836,99.996,99.996
4,96.145,99.755,99.994,99.994
5,94.894,99.673,99.993,99.993
6,93.659,99.592,99.992,99.992
7,92.44,99.511,99.99,99.99
8,91.237,99.43,99.989,99.989
9,90.05,99.349,99.987,99.987
10,88.878,99.268,99.986,99.986
11,87.721,99.188,99.984,99.984
12,86.579,99.107,99.983,99.983
13,85.453,99.026,99.982,99.982
14,84.341,98.945,99.98,99.98
15,83.243,98.865,99.979,99.979
16,82.16,98.784,99.977,99.977
17,81.09,98.704,99.976,99.976
18,80.035,98.624,99.975,99.975
19,78.994,98.543,99.973,99.973
20,77.966,98.463,99.972,99.972
21,76.951,98.383,99.97,99.97
22,75.95,98.303,99.969,99.969
23,74.961,98.223,99.968,99.968
24,73.986,98.143,99.966,99.966
25,73.023,98.063,99.965,99.965
26,72.072,97.983,99.963,99.963
27,71.135,97.903,99.962,99.962
28,70.209,97.824,99.96,99.96
29,69.295,97.744,99.959,99.959
30,68.393,97.664,99.958,99.958
31,67.503,97.585,99.956,99.956
32,66.625,97.505,99.955,99.955
33,65.758,97.426,99.953,99.953
34,64.902,97.347,99.952,99.952
35,64.057,97.267,99.951,99.951
36,63.224,97.188,99.949,99.949
37,62.401,97.109,99.948,99.948
38,61.589,97.03,99.946,99.946
39,60.787,96.951,99.945,99.945
40,59.996,96.872,99.944,99.944
41,59.215,96.793,99.942,99.942
42,58.445,96.715,99.941,99.941
43,57.684,96.636,99.939,99.939
44,56.934,96.557,99.938,99.938
45,56.193,96.478,99.936,99.936
46,55.461,96.4,99.935,99.935
47,54.739,96.322,99.934,99.934
48,54.027,96.243,99.932,99.932
49,53.324,96.165,99.931,99.931
50,52.63,96.086,99.929,99.929
51,51.945,96.008,99.928,99.928
52,51.269,95.93,99.926,99.926
53,50.602,95.852,99.925,99.925
54,49.943,95.774,99.924,99.924
55,49.293,95.696,99.922,99.922
56,48.652,95.618,99.921,99.921
57,48.019,95.54,99.919,99.919
58,47.394,95.462,99.918,99.918
59,46.777,95.385,99.917,99.917
60,46.168,95.307,99.915,99.915
61,45.568,95.229,99.914,99.914
62,44.974,95.152,99.912,99.912
63,44.389,95.074,99.911,99.911
64,43.811,94.997,99.91,99.91
65,43.241,94.92,99.908,99.908
66,42.679,94.842,99.907,99.907
67,42.123,94.765,99.905,99.905
68,41.575,94.688,99.904,99.904
69,41.034,94.611,99.903,99.903
70,40.5,94.534,99.901,99.901
71,39.973,94.457,99.9,99.9
72,39.453,94.38,99.898,99.898
73,38.939,94.303,99.897,99.897
74,38.432,94.227,99.895,99.895
75,37.932,94.15,99.894,99.894
76,37.439,94.073,99.893,99.893
77,36.951,93.997,99.891,99.891
78,36.471,93.92,99.89,99.89
79,35.996,93.844,99.888,99.888
80,35.528,93.767,99.887,99.887
81,35.065,93.691,99.886,99.886
82,34.609,93.615,99.884,99.884
83,34.158,93.538,99.883,99.883
84,33.714,93.462,99.881,99.881
85,33.275,93.386,99.88,99.88
86,32.842,93.31,99.879,99.879
87,32.415,93.234,99.877,99.877
88,31.993,93.158,99.876,99.876
89,31.576,93.082,99.874,99.874
90,31.166,93.007,99.873,99.873
91,30.76,92.931,99.871,99.871
92,30.36,92.855,99.87,99.87
93,29.965,92.78,99.869,99.869
94,29.575,92.704,99.867,99.867
95,29.19,92.629,99.866,99.866
96,28.81,92.553,99.864,99.864
97,28.435,92.478,99.863,99.863
98,28.065,92.403,99.862,99.862
99,27.7,92.327,99.86,99.86
100,27.339,92.252,99.859,99.859
